PS1,PS2,PS3,PS4,PS5,PS6,EPS1,FS1,FS2,TS1,TS2,TS3,TS4,VS1,CE,CP,SE,Stable_flag,id
1.1843889963626175,1.1843889963626175,1.1843889963626175,1.1843889963626175,1.1843889963626175,1.1843889963626175,1.1843889963626175,1.1843889963626175,1.1843889963626175,1.1843889963626175,1.1843889963626175,1.1843889963626175,1.1843889963626175,1.1843889963626175,1.1843889963626175,1.1843889963626175,1.1843889963626175,0,0
0.8203654485134375,0.8203654485134375,0.8203654485134375,0.8203654485134375,0.8203654485134375,0.8203654485134375,0.8203654485134375,0.8203654485134375,0.8203654485134375,0.8203654485134375,0.8203654485134375,0.8203654485134375,0.8203654485134375,0.8203654485134375,0.8203654485134375,0.8203654485134375,0.8203654485134375,0,1
0.6383536745888491,0.6383536745888491,0.6383536745888491,0.6383536745888491,0.6383536745888491,0.6383536745888491,0.6383536745888491,0.6383536745888491,0.6383536745888491,0.6383536745888491,0.6383536745888491,0.6383536745888491,0.6383536745888491,0.6383536745888491,0.6383536745888491,0.6383536745888491,0.6383536745888491,0,2
0.4745430780567191,0.4745430780567191,0.4745430780567191,0.4745430780567191,0.4745430780567191,0.4745430780567191,0.4745430780567191,0.4745430780567191,0.4745430780567191,0.4745430780567191,0.4745430780567191,0.4745430780567191,0.4745430780567191,0.4745430780567191,0.4745430780567191,0.4745430780567191,0.4745430780567191,0,3
0.3289336589170477,0.3289336589170477,0.3289336589170477,0.3289336589170477,0.3289336589170477,0.3289336589170477,0.3289336589170477,0.3289336589170477,0.3289336589170477,0.3289336589170477,0.3289336589170477,0.3289336589170477,0.3289336589170477,0.3289336589170477,0.3289336589170477,0.3289336589170477,0.3289336589170477,0,4
0.2379277719547551,0.2379277719547551,0.2379277719547551,0.2379277719547551,0.2379277719547551,0.2379277719547551,0.2379277719547551,0.2379277719547551,0.2379277719547551,0.2379277719547551,0.2379277719547551,0.2379277719547551,0.2379277719547551,0.2379277719547551,0.2379277719547551,0.2379277719547551,0.2379277719547551,0,5
0.11051953020754222,0.11051953020754222,0.11051953020754222,0.11051953020754222,0.11051953020754222,0.11051953020754222,0.11051953020754222,0.11051953020754222,0.11051953020754222,0.11051953020754222,0.11051953020754222,0.11051953020754222,0.11051953020754222,0.11051953020754222,0.11051953020754222,0.11051953020754222,0.11051953020754222,0,6
0.05591599803016342,0.05591599803016342,0.05591599803016342,0.05591599803016342,0.05591599803016342,0.05591599803016342,0.05591599803016342,0.05591599803016342,0.05591599803016342,0.05591599803016342,0.05591599803016342,0.05591599803016342,0.05591599803016342,0.05591599803016342,0.05591599803016342,0.05591599803016342,0.05591599803016342,0,7
-0.035089888932129186,-0.035089888932129186,-0.035089888932129186,-0.035089888932129186,-0.035089888932129186,-0.035089888932129186,-0.035089888932129186,-0.035089888932129186,-0.035089888932129186,-0.035089888932129186,-0.035089888932129186,-0.035089888932129186,-0.035089888932129186,-0.035089888932129186,-0.035089888932129186,-0.035089888932129186,-0.035089888932129186,0,8
-0.1078945985019665,-0.1078945985019665,-0.1078945985019665,-0.1078945985019665,-0.1078945985019665,-0.1078945985019665,-0.1078945985019665,-0.1078945985019665,-0.1078945985019665,-0.1078945985019665,-0.1078945985019665,-0.1078945985019665,-0.1078945985019665,-0.1078945985019665,-0.1078945985019665,-0.1078945985019665,-0.1078945985019665,0,9
-0.1806993080718006,-0.1806993080718006,-0.1806993080718006,-0.1806993080718006,-0.1806993080718006,-0.1806993080718006,-0.1806993080718006,-0.1806993080718006,-0.1806993080718006,-0.1806993080718006,-0.1806993080718006,-0.1806993080718006,-0.1806993080718006,-0.1806993080718006,-0.1806993080718006,-0.1806993080718006,-0.1806993080718006,0,10
-0.2535040176416379,-0.2535040176416379,-0.2535040176416379,-0.2535040176416379,-0.2535040176416379,-0.2535040176416379,-0.2535040176416379,-0.2535040176416379,-0.2535040176416379,-0.2535040176416379,-0.2535040176416379,-0.2535040176416379,-0.2535040176416379,-0.2535040176416379,-0.2535040176416379,-0.2535040176416379,-0.2535040176416379,0,11
-0.32630872721147197,-0.32630872721147197,-0.32630872721147197,-0.32630872721147197,-0.32630872721147197,-0.32630872721147197,-0.32630872721147197,-0.32630872721147197,-0.32630872721147197,-0.32630872721147197,-0.32630872721147197,-0.32630872721147197,-0.32630872721147197,-0.32630872721147197,-0.32630872721147197,-0.32630872721147197,-0.32630872721147197,0,12
-0.38091225938885076,-0.38091225938885076,-0.38091225938885076,-0.38091225938885076,-0.38091225938885076,-0.38091225938885076,-0.38091225938885076,-0.38091225938885076,-0.38091225938885076,-0.38091225938885076,-0.38091225938885076,-0.38091225938885076,-0.38091225938885076,-0.38091225938885076,-0.38091225938885076,-0.38091225938885076,-0.38091225938885076,0,13
-0.43551579156622633,-0.43551579156622633,-0.43551579156622633,-0.43551579156622633,-0.43551579156622633,-0.43551579156622633,-0.43551579156622633,-0.43551579156622633,-0.43551579156622633,-0.43551579156622633,-0.43551579156622633,-0.43551579156622633,-0.43551579156622633,-0.43551579156622633,-0.43551579156622633,-0.43551579156622633,-0.43551579156622633,0,14
-0.4719181463511434,-0.4719181463511434,-0.4719181463511434,-0.4719181463511434,-0.4719181463511434,-0.4719181463511434,-0.4719181463511434,-0.4719181463511434,-0.4719181463511434,-0.4719181463511434,-0.4719181463511434,-0.4719181463511434,-0.4719181463511434,-0.4719181463511434,-0.4719181463511434,-0.4719181463511434,-0.4719181463511434,0,15
-0.4901193237436019,-0.4901193237436019,-0.4901193237436019,-0.4901193237436019,-0.4901193237436019,-0.4901193237436019,-0.4901193237436019,-0.4901193237436019,-0.4901193237436019,-0.4901193237436019,-0.4901193237436019,-0.4901193237436019,-0.4901193237436019,-0.4901193237436019,-0.4901193237436019,-0.4901193237436019,-0.4901193237436019,0,16
-0.5265216785285222,-0.5265216785285222,-0.5265216785285222,-0.5265216785285222,-0.5265216785285222,-0.5265216785285222,-0.5265216785285222,-0.5265216785285222,-0.5265216785285222,-0.5265216785285222,-0.5265216785285222,-0.5265216785285222,-0.5265216785285222,-0.5265216785285222,-0.5265216785285222,-0.5265216785285222,-0.5265216785285222,0,17
-0.5811252107058977,-0.5811252107058977,-0.5811252107058977,-0.5811252107058977,-0.5811252107058977,-0.5811252107058977,-0.5811252107058977,-0.5811252107058977,-0.5811252107058977,-0.5811252107058977,-0.5811252107058977,-0.5811252107058977,-0.5811252107058977,-0.5811252107058977,-0.5811252107058977,-0.5811252107058977,-0.5811252107058977,0,18
-0.6175275654908148,-0.6175275654908148,-0.6175275654908148,-0.6175275654908148,-0.6175275654908148,-0.6175275654908148,-0.6175275654908148,-0.6175275654908148,-0.6175275654908148,-0.6175275654908148,-0.6175275654908148,-0.6175275654908148,-0.6175275654908148,-0.6175275654908148,-0.6175275654908148,-0.6175275654908148,-0.6175275654908148,0,19
-0.5993263880983563,-0.5993263880983563,-0.5993263880983563,-0.5993263880983563,-0.5993263880983563,-0.5993263880983563,-0.5993263880983563,-0.5993263880983563,-0.5993263880983563,-0.5993263880983563,-0.5993263880983563,-0.5993263880983563,-0.5993263880983563,-0.5993263880983563,-0.5993263880983563,-0.5993263880983563,-0.5993263880983563,0,20
-0.5811252107058977,-0.5811252107058977,-0.5811252107058977,-0.5811252107058977,-0.5811252107058977,-0.5811252107058977,-0.5811252107058977,-0.5811252107058977,-0.5811252107058977,-0.5811252107058977,-0.5811252107058977,-0.5811252107058977,-0.5811252107058977,-0.5811252107058977,-0.5811252107058977,-0.5811252107058977,-0.5811252107058977,0,21
-0.5811252107058977,-0.5811252107058977,-0.5811252107058977,-0.5811252107058977,-0.5811252107058977,-0.5811252107058977,-0.5811252107058977,-0.5811252107058977,-0.5811252107058977,-0.5811252107058977,-0.5811252107058977,-0.5811252107058977,-0.5811252107058977,-0.5811252107058977,-0.5811252107058977,-0.5811252107058977,-0.5811252107058977,0,22
-0.5993263880983563,-0.5993263880983563,-0.5993263880983563,-0.5993263880983563,-0.5993263880983563,-0.5993263880983563,-0.5993263880983563,-0.5993263880983563,-0.5993263880983563,-0.5993263880983563,-0.5993263880983563,-0.5993263880983563,-0.5993263880983563,-0.5993263880983563,-0.5993263880983563,-0.5993263880983563,-0.5993263880983563,0,23
-0.6175275654908148,-0.6175275654908148,-0.6175275654908148,-0.6175275654908148,-0.6175275654908148,-0.6175275654908148,-0.6175275654908148,-0.6175275654908148,-0.6175275654908148,-0.6175275654908148,-0.6175275654908148,-0.6175275654908148,-0.6175275654908148,-0.6175275654908148,-0.6175275654908148,-0.6175275654908148,-0.6175275654908148,0,24
-0.6357287428832733,-0.6357287428832733,-0.6357287428832733,-0.6357287428832733,-0.6357287428832733,-0.6357287428832733,-0.6357287428832733,-0.6357287428832733,-0.6357287428832733,-0.6357287428832733,-0.6357287428832733,-0.6357287428832733,-0.6357287428832733,-0.6357287428832733,-0.6357287428832733,-0.6357287428832733,-0.6357287428832733,0,25
-0.6357287428832733,-0.6357287428832733,-0.6357287428832733,-0.6357287428832733,-0.6357287428832733,-0.6357287428832733,-0.6357287428832733,-0.6357287428832733,-0.6357287428832733,-0.6357287428832733,-0.6357287428832733,-0.6357287428832733,-0.6357287428832733,-0.6357287428832733,-0.6357287428832733,-0.6357287428832733,-0.6357287428832733,0,26
-0.6539299202757318,-0.6539299202757318,-0.6539299202757318,-0.6539299202757318,-0.6539299202757318,-0.6539299202757318,-0.6539299202757318,-0.6539299202757318,-0.6539299202757318,-0.6539299202757318,-0.6539299202757318,-0.6539299202757318,-0.6539299202757318,-0.6539299202757318,-0.6539299202757318,-0.6539299202757318,-0.6539299202757318,0,27
-0.6721310976681903,-0.6721310976681903,-0.6721310976681903,-0.6721310976681903,-0.6721310976681903,-0.6721310976681903,-0.6721310976681903,-0.6721310976681903,-0.6721310976681903,-0.6721310976681903,-0.6721310976681903,-0.6721310976681903,-0.6721310976681903,-0.6721310976681903,-0.6721310976681903,-0.6721310976681903,-0.6721310976681903,0,28
-0.6721310976681903,-0.6721310976681903,-0.6721310976681903,-0.6721310976681903,-0.6721310976681903,-0.6721310976681903,-0.6721310976681903,-0.6721310976681903,-0.6721310976681903,-0.6721310976681903,-0.6721310976681903,-0.6721310976681903,-0.6721310976681903,-0.6721310976681903,-0.6721310976681903,-0.6721310976681903,-0.6721310976681903,0,29
-0.6903322750606521,-0.6903322750606521,-0.6903322750606521,-0.6903322750606521,-0.6903322750606521,-0.6903322750606521,-0.6903322750606521,-0.6903322750606521,-0.6903322750606521,-0.6903322750606521,-0.6903322750606521,-0.6903322750606521,-0.6903322750606521,-0.6903322750606521,-0.6903322750606521,-0.6903322750606521,-0.6903322750606521,0,30
-0.6903322750606521,-0.6903322750606521,-0.6903322750606521,-0.6903322750606521,-0.6903322750606521,-0.6903322750606521,-0.6903322750606521,-0.6903322750606521,-0.6903322750606521,-0.6903322750606521,-0.6903322750606521,-0.6903322750606521,-0.6903322750606521,-0.6903322750606521,-0.6903322750606521,-0.6903322750606521,-0.6903322750606521,0,31
-0.7085334524531106,-0.7085334524531106,-0.7085334524531106,-0.7085334524531106,-0.7085334524531106,-0.7085334524531106,-0.7085334524531106,-0.7085334524531106,-0.7085334524531106,-0.7085334524531106,-0.7085334524531106,-0.7085334524531106,-0.7085334524531106,-0.7085334524531106,-0.7085334524531106,-0.7085334524531106,-0.7085334524531106,0,32
-0.7085334524531106,-0.7085334524531106,-0.7085334524531106,-0.7085334524531106,-0.7085334524531106,-0.7085334524531106,-0.7085334524531106,-0.7085334524531106,-0.7085334524531106,-0.7085334524531106,-0.7085334524531106,-0.7085334524531106,-0.7085334524531106,-0.7085334524531106,-0.7085334524531106,-0.7085334524531106,-0.7085334524531106,0,33
-0.7267346298455691,-0.7267346298455691,-0.7267346298455691,-0.7267346298455691,-0.7267346298455691,-0.7267346298455691,-0.7267346298455691,-0.7267346298455691,-0.7267346298455691,-0.7267346298455691,-0.7267346298455691,-0.7267346298455691,-0.7267346298455691,-0.7267346298455691,-0.7267346298455691,-0.7267346298455691,-0.7267346298455691,0,34
-0.7267346298455691,-0.7267346298455691,-0.7267346298455691,-0.7267346298455691,-0.7267346298455691,-0.7267346298455691,-0.7267346298455691,-0.7267346298455691,-0.7267346298455691,-0.7267346298455691,-0.7267346298455691,-0.7267346298455691,-0.7267346298455691,-0.7267346298455691,-0.7267346298455691,-0.7267346298455691,-0.7267346298455691,0,35
-0.7267346298455691,-0.7267346298455691,-0.7267346298455691,-0.7267346298455691,-0.7267346298455691,-0.7267346298455691,-0.7267346298455691,-0.7267346298455691,-0.7267346298455691,-0.7267346298455691,-0.7267346298455691,-0.7267346298455691,-0.7267346298455691,-0.7267346298455691,-0.7267346298455691,-0.7267346298455691,-0.7267346298455691,0,36
-0.7267346298455691,-0.7267346298455691,-0.7267346298455691,-0.7267346298455691,-0.7267346298455691,-0.7267346298455691,-0.7267346298455691,-0.7267346298455691,-0.7267346298455691,-0.7267346298455691,-0.7267346298455691,-0.7267346298455691,-0.7267346298455691,-0.7267346298455691,-0.7267346298455691,-0.7267346298455691,-0.7267346298455691,0,37
-0.7449358072380277,-0.7449358072380277,-0.7449358072380277,-0.7449358072380277,-0.7449358072380277,-0.7449358072380277,-0.7449358072380277,-0.7449358072380277,-0.7449358072380277,-0.7449358072380277,-0.7449358072380277,-0.7449358072380277,-0.7449358072380277,-0.7449358072380277,-0.7449358072380277,-0.7449358072380277,-0.7449358072380277,0,38
-0.7449358072380277,-0.7449358072380277,-0.7449358072380277,-0.7449358072380277,-0.7449358072380277,-0.7449358072380277,-0.7449358072380277,-0.7449358072380277,-0.7449358072380277,-0.7449358072380277,-0.7449358072380277,-0.7449358072380277,-0.7449358072380277,-0.7449358072380277,-0.7449358072380277,-0.7449358072380277,-0.7449358072380277,0,39
-0.7267346298455691,-0.7267346298455691,-0.7267346298455691,-0.7267346298455691,-0.7267346298455691,-0.7267346298455691,-0.7267346298455691,-0.7267346298455691,-0.7267346298455691,-0.7267346298455691,-0.7267346298455691,-0.7267346298455691,-0.7267346298455691,-0.7267346298455691,-0.7267346298455691,-0.7267346298455691,-0.7267346298455691,0,40
-0.7449358072380277,-0.7449358072380277,-0.7449358072380277,-0.7449358072380277,-0.7449358072380277,-0.7449358072380277,-0.7449358072380277,-0.7449358072380277,-0.7449358072380277,-0.7449358072380277,-0.7449358072380277,-0.7449358072380277,-0.7449358072380277,-0.7449358072380277,-0.7449358072380277,-0.7449358072380277,-0.7449358072380277,0,41
-0.7631369846304862,-0.7631369846304862,-0.7631369846304862,-0.7631369846304862,-0.7631369846304862,-0.7631369846304862,-0.7631369846304862,-0.7631369846304862,-0.7631369846304862,-0.7631369846304862,-0.7631369846304862,-0.7631369846304862,-0.7631369846304862,-0.7631369846304862,-0.7631369846304862,-0.7631369846304862,-0.7631369846304862,0,42
-0.7449358072380277,-0.7449358072380277,-0.7449358072380277,-0.7449358072380277,-0.7449358072380277,-0.7449358072380277,-0.7449358072380277,-0.7449358072380277,-0.7449358072380277,-0.7449358072380277,-0.7449358072380277,-0.7449358072380277,-0.7449358072380277,-0.7449358072380277,-0.7449358072380277,-0.7449358072380277,-0.7449358072380277,0,43
-0.7631369846304862,-0.7631369846304862,-0.7631369846304862,-0.7631369846304862,-0.7631369846304862,-0.7631369846304862,-0.7631369846304862,-0.7631369846304862,-0.7631369846304862,-0.7631369846304862,-0.7631369846304862,-0.7631369846304862,-0.7631369846304862,-0.7631369846304862,-0.7631369846304862,-0.7631369846304862,-0.7631369846304862,0,44
-0.7631369846304862,-0.7631369846304862,-0.7631369846304862,-0.7631369846304862,-0.7631369846304862,-0.7631369846304862,-0.7631369846304862,-0.7631369846304862,-0.7631369846304862,-0.7631369846304862,-0.7631369846304862,-0.7631369846304862,-0.7631369846304862,-0.7631369846304862,-0.7631369846304862,-0.7631369846304862,-0.7631369846304862,0,45
-0.7631369846304862,-0.7631369846304862,-0.7631369846304862,-0.7631369846304862,-0.7631369846304862,-0.7631369846304862,-0.7631369846304862,-0.7631369846304862,-0.7631369846304862,-0.7631369846304862,-0.7631369846304862,-0.7631369846304862,-0.7631369846304862,-0.7631369846304862,-0.7631369846304862,-0.7631369846304862,-0.7631369846304862,0,46
-0.7813381620229447,-0.7813381620229447,-0.7813381620229447,-0.7813381620229447,-0.7813381620229447,-0.7813381620229447,-0.7813381620229447,-0.7813381620229447,-0.7813381620229447,-0.7813381620229447,-0.7813381620229447,-0.7813381620229447,-0.7813381620229447,-0.7813381620229447,-0.7813381620229447,-0.7813381620229447,-0.7813381620229447,0,47
-0.7813381620229447,-0.7813381620229447,-0.7813381620229447,-0.7813381620229447,-0.7813381620229447,-0.7813381620229447,-0.7813381620229447,-0.7813381620229447,-0.7813381620229447,-0.7813381620229447,-0.7813381620229447,-0.7813381620229447,-0.7813381620229447,-0.7813381620229447,-0.7813381620229447,-0.7813381620229447,-0.7813381620229447,0,48
-0.7813381620229447,-0.7813381620229447,-0.7813381620229447,-0.7813381620229447,-0.7813381620229447,-0.7813381620229447,-0.7813381620229447,-0.7813381620229447,-0.7813381620229447,-0.7813381620229447,-0.7813381620229447,-0.7813381620229447,-0.7813381620229447,-0.7813381620229447,-0.7813381620229447,-0.7813381620229447,-0.7813381620229447,0,49
-0.7995393394154032,-0.7995393394154032,-0.7995393394154032,-0.7995393394154032,-0.7995393394154032,-0.7995393394154032,-0.7995393394154032,-0.7995393394154032,-0.7995393394154032,-0.7995393394154032,-0.7995393394154032,-0.7995393394154032,-0.7995393394154032,-0.7995393394154032,-0.7995393394154032,-0.7995393394154032,-0.7995393394154032,0,50
-0.7995393394154032,-0.7995393394154032,-0.7995393394154032,-0.7995393394154032,-0.7995393394154032,-0.7995393394154032,-0.7995393394154032,-0.7995393394154032,-0.7995393394154032,-0.7995393394154032,-0.7995393394154032,-0.7995393394154032,-0.7995393394154032,-0.7995393394154032,-0.7995393394154032,-0.7995393394154032,-0.7995393394154032,0,51
-0.7995393394154032,-0.7995393394154032,-0.7995393394154032,-0.7995393394154032,-0.7995393394154032,-0.7995393394154032,-0.7995393394154032,-0.7995393394154032,-0.7995393394154032,-0.7995393394154032,-0.7995393394154032,-0.7995393394154032,-0.7995393394154032,-0.7995393394154032,-0.7995393394154032,-0.7995393394154032,-0.7995393394154032,0,52
-0.7995393394154032,-0.7995393394154032,-0.7995393394154032,-0.7995393394154032,-0.7995393394154032,-0.7995393394154032,-0.7995393394154032,-0.7995393394154032,-0.7995393394154032,-0.7995393394154032,-0.7995393394154032,-0.7995393394154032,-0.7995393394154032,-0.7995393394154032,-0.7995393394154032,-0.7995393394154032,-0.7995393394154032,0,53
-0.7995393394154032,-0.7995393394154032,-0.7995393394154032,-0.7995393394154032,-0.7995393394154032,-0.7995393394154032,-0.7995393394154032,-0.7995393394154032,-0.7995393394154032,-0.7995393394154032,-0.7995393394154032,-0.7995393394154032,-0.7995393394154032,-0.7995393394154032,-0.7995393394154032,-0.7995393394154032,-0.7995393394154032,0,54
-0.7995393394154032,-0.7995393394154032,-0.7995393394154032,-0.7995393394154032,-0.7995393394154032,-0.7995393394154032,-0.7995393394154032,-0.7995393394154032,-0.7995393394154032,-0.7995393394154032,-0.7995393394154032,-0.7995393394154032,-0.7995393394154032,-0.7995393394154032,-0.7995393394154032,-0.7995393394154032,-0.7995393394154032,0,55
-0.8177405168078618,-0.8177405168078618,-0.8177405168078618,-0.8177405168078618,-0.8177405168078618,-0.8177405168078618,-0.8177405168078618,-0.8177405168078618,-0.8177405168078618,-0.8177405168078618,-0.8177405168078618,-0.8177405168078618,-0.8177405168078618,-0.8177405168078618,-0.8177405168078618,-0.8177405168078618,-0.8177405168078618,0,56
-0.8177405168078618,-0.8177405168078618,-0.8177405168078618,-0.8177405168078618,-0.8177405168078618,-0.8177405168078618,-0.8177405168078618,-0.8177405168078618,-0.8177405168078618,-0.8177405168078618,-0.8177405168078618,-0.8177405168078618,-0.8177405168078618,-0.8177405168078618,-0.8177405168078618,-0.8177405168078618,-0.8177405168078618,0,57
-0.8177405168078618,-0.8177405168078618,-0.8177405168078618,-0.8177405168078618,-0.8177405168078618,-0.8177405168078618,-0.8177405168078618,-0.8177405168078618,-0.8177405168078618,-0.8177405168078618,-0.8177405168078618,-0.8177405168078618,-0.8177405168078618,-0.8177405168078618,-0.8177405168078618,-0.8177405168078618,-0.8177405168078618,0,58
-0.8177405168078618,-0.8177405168078618,-0.8177405168078618,-0.8177405168078618,-0.8177405168078618,-0.8177405168078618,-0.8177405168078618,-0.8177405168078618,-0.8177405168078618,-0.8177405168078618,-0.8177405168078618,-0.8177405168078618,-0.8177405168078618,-0.8177405168078618,-0.8177405168078618,-0.8177405168078618,-0.8177405168078618,0,59
-0.8177405168078618,-0.8177405168078618,-0.8177405168078618,-0.8177405168078618,-0.8177405168078618,-0.8177405168078618,-0.8177405168078618,-0.8177405168078618,-0.8177405168078618,-0.8177405168078618,-0.8177405168078618,-0.8177405168078618,-0.8177405168078618,-0.8177405168078618,-0.8177405168078618,-0.8177405168078618,-0.8177405168078618,0,60
-0.8177405168078618,-0.8177405168078618,-0.8177405168078618,-0.8177405168078618,-0.8177405168078618,-0.8177405168078618,-0.8177405168078618,-0.8177405168078618,-0.8177405168078618,-0.8177405168078618,-0.8177405168078618,-0.8177405168078618,-0.8177405168078618,-0.8177405168078618,-0.8177405168078618,-0.8177405168078618,-0.8177405168078618,0,61
-0.8359416942003235,-0.8359416942003235,-0.8359416942003235,-0.8359416942003235,-0.8359416942003235,-0.8359416942003235,-0.8359416942003235,-0.8359416942003235,-0.8359416942003235,-0.8359416942003235,-0.8359416942003235,-0.8359416942003235,-0.8359416942003235,-0.8359416942003235,-0.8359416942003235,-0.8359416942003235,-0.8359416942003235,0,62
-0.8359416942003235,-0.8359416942003235,-0.8359416942003235,-0.8359416942003235,-0.8359416942003235,-0.8359416942003235,-0.8359416942003235,-0.8359416942003235,-0.8359416942003235,-0.8359416942003235,-0.8359416942003235,-0.8359416942003235,-0.8359416942003235,-0.8359416942003235,-0.8359416942003235,-0.8359416942003235,-0.8359416942003235,0,63
-0.8359416942003235,-0.8359416942003235,-0.8359416942003235,-0.8359416942003235,-0.8359416942003235,-0.8359416942003235,-0.8359416942003235,-0.8359416942003235,-0.8359416942003235,-0.8359416942003235,-0.8359416942003235,-0.8359416942003235,-0.8359416942003235,-0.8359416942003235,-0.8359416942003235,-0.8359416942003235,-0.8359416942003235,0,64
-0.8359416942003235,-0.8359416942003235,-0.8359416942003235,-0.8359416942003235,-0.8359416942003235,-0.8359416942003235,-0.8359416942003235,-0.8359416942003235,-0.8359416942003235,-0.8359416942003235,-0.8359416942003235,-0.8359416942003235,-0.8359416942003235,-0.8359416942003235,-0.8359416942003235,-0.8359416942003235,-0.8359416942003235,0,65
-0.8359416942003235,-0.8359416942003235,-0.8359416942003235,-0.8359416942003235,-0.8359416942003235,-0.8359416942003235,-0.8359416942003235,-0.8359416942003235,-0.8359416942003235,-0.8359416942003235,-0.8359416942003235,-0.8359416942003235,-0.8359416942003235,-0.8359416942003235,-0.8359416942003235,-0.8359416942003235,-0.8359416942003235,0,66
-0.8359416942003235,-0.8359416942003235,-0.8359416942003235,-0.8359416942003235,-0.8359416942003235,-0.8359416942003235,-0.8359416942003235,-0.8359416942003235,-0.8359416942003235,-0.8359416942003235,-0.8359416942003235,-0.8359416942003235,-0.8359416942003235,-0.8359416942003235,-0.8359416942003235,-0.8359416942003235,-0.8359416942003235,0,67
-0.8359416942003235,-0.8359416942003235,-0.8359416942003235,-0.8359416942003235,-0.8359416942003235,-0.8359416942003235,-0.8359416942003235,-0.8359416942003235,-0.8359416942003235,-0.8359416942003235,-0.8359416942003235,-0.8359416942003235,-0.8359416942003235,-0.8359416942003235,-0.8359416942003235,-0.8359416942003235,-0.8359416942003235,0,68
-0.8359416942003235,-0.8359416942003235,-0.8359416942003235,-0.8359416942003235,-0.8359416942003235,-0.8359416942003235,-0.8359416942003235,-0.8359416942003235,-0.8359416942003235,-0.8359416942003235,-0.8359416942003235,-0.8359416942003235,-0.8359416942003235,-0.8359416942003235,-0.8359416942003235,-0.8359416942003235,-0.8359416942003235,0,69
-0.8359416942003235,-0.8359416942003235,-0.8359416942003235,-0.8359416942003235,-0.8359416942003235,-0.8359416942003235,-0.8359416942003235,-0.8359416942003235,-0.8359416942003235,-0.8359416942003235,-0.8359416942003235,-0.8359416942003235,-0.8359416942003235,-0.8359416942003235,-0.8359416942003235,-0.8359416942003235,-0.8359416942003235,0,70
-0.854142871592782,-0.854142871592782,-0.854142871592782,-0.854142871592782,-0.854142871592782,-0.854142871592782,-0.854142871592782,-0.854142871592782,-0.854142871592782,-0.854142871592782,-0.854142871592782,-0.854142871592782,-0.854142871592782,-0.854142871592782,-0.854142871592782,-0.854142871592782,-0.854142871592782,0,71
-0.854142871592782,-0.854142871592782,-0.854142871592782,-0.854142871592782,-0.854142871592782,-0.854142871592782,-0.854142871592782,-0.854142871592782,-0.854142871592782,-0.854142871592782,-0.854142871592782,-0.854142871592782,-0.854142871592782,-0.854142871592782,-0.854142871592782,-0.854142871592782,-0.854142871592782,0,72
-0.854142871592782,-0.854142871592782,-0.854142871592782,-0.854142871592782,-0.854142871592782,-0.854142871592782,-0.854142871592782,-0.854142871592782,-0.854142871592782,-0.854142871592782,-0.854142871592782,-0.854142871592782,-0.854142871592782,-0.854142871592782,-0.854142871592782,-0.854142871592782,-0.854142871592782,0,73
-0.8723440489852405,-0.8723440489852405,-0.8723440489852405,-0.8723440489852405,-0.8723440489852405,-0.8723440489852405,-0.8723440489852405,-0.8723440489852405,-0.8723440489852405,-0.8723440489852405,-0.8723440489852405,-0.8723440489852405,-0.8723440489852405,-0.8723440489852405,-0.8723440489852405,-0.8723440489852405,-0.8723440489852405,0,74
-0.8723440489852405,-0.8723440489852405,-0.8723440489852405,-0.8723440489852405,-0.8723440489852405,-0.8723440489852405,-0.8723440489852405,-0.8723440489852405,-0.8723440489852405,-0.8723440489852405,-0.8723440489852405,-0.8723440489852405,-0.8723440489852405,-0.8723440489852405,-0.8723440489852405,-0.8723440489852405,-0.8723440489852405,0,75
-0.8723440489852405,-0.8723440489852405,-0.8723440489852405,-0.8723440489852405,-0.8723440489852405,-0.8723440489852405,-0.8723440489852405,-0.8723440489852405,-0.8723440489852405,-0.8723440489852405,-0.8723440489852405,-0.8723440489852405,-0.8723440489852405,-0.8723440489852405,-0.8723440489852405,-0.8723440489852405,-0.8723440489852405,0,76
-0.8723440489852405,-0.8723440489852405,-0.8723440489852405,-0.8723440489852405,-0.8723440489852405,-0.8723440489852405,-0.8723440489852405,-0.8723440489852405,-0.8723440489852405,-0.8723440489852405,-0.8723440489852405,-0.8723440489852405,-0.8723440489852405,-0.8723440489852405,-0.8723440489852405,-0.8723440489852405,-0.8723440489852405,0,77
-0.8905452263776991,-0.8905452263776991,-0.8905452263776991,-0.8905452263776991,-0.8905452263776991,-0.8905452263776991,-0.8905452263776991,-0.8905452263776991,-0.8905452263776991,-0.8905452263776991,-0.8905452263776991,-0.8905452263776991,-0.8905452263776991,-0.8905452263776991,-0.8905452263776991,-0.8905452263776991,-0.8905452263776991,0,78
-0.8905452263776991,-0.8905452263776991,-0.8905452263776991,-0.8905452263776991,-0.8905452263776991,-0.8905452263776991,-0.8905452263776991,-0.8905452263776991,-0.8905452263776991,-0.8905452263776991,-0.8905452263776991,-0.8905452263776991,-0.8905452263776991,-0.8905452263776991,-0.8905452263776991,-0.8905452263776991,-0.8905452263776991,0,79
-0.8905452263776991,-0.8905452263776991,-0.8905452263776991,-0.8905452263776991,-0.8905452263776991,-0.8905452263776991,-0.8905452263776991,-0.8905452263776991,-0.8905452263776991,-0.8905452263776991,-0.8905452263776991,-0.8905452263776991,-0.8905452263776991,-0.8905452263776991,-0.8905452263776991,-0.8905452263776991,-0.8905452263776991,0,80
-0.8905452263776991,-0.8905452263776991,-0.8905452263776991,-0.8905452263776991,-0.8905452263776991,-0.8905452263776991,-0.8905452263776991,-0.8905452263776991,-0.8905452263776991,-0.8905452263776991,-0.8905452263776991,-0.8905452263776991,-0.8905452263776991,-0.8905452263776991,-0.8905452263776991,-0.8905452263776991,-0.8905452263776991,0,81
-0.8905452263776991,-0.8905452263776991,-0.8905452263776991,-0.8905452263776991,-0.8905452263776991,-0.8905452263776991,-0.8905452263776991,-0.8905452263776991,-0.8905452263776991,-0.8905452263776991,-0.8905452263776991,-0.8905452263776991,-0.8905452263776991,-0.8905452263776991,-0.8905452263776991,-0.8905452263776991,-0.8905452263776991,0,82
-0.9087464037701576,-0.9087464037701576,-0.9087464037701576,-0.9087464037701576,-0.9087464037701576,-0.9087464037701576,-0.9087464037701576,-0.9087464037701576,-0.9087464037701576,-0.9087464037701576,-0.9087464037701576,-0.9087464037701576,-0.9087464037701576,-0.9087464037701576,-0.9087464037701576,-0.9087464037701576,-0.9087464037701576,0,83
-0.9087464037701576,-0.9087464037701576,-0.9087464037701576,-0.9087464037701576,-0.9087464037701576,-0.9087464037701576,-0.9087464037701576,-0.9087464037701576,-0.9087464037701576,-0.9087464037701576,-0.9087464037701576,-0.9087464037701576,-0.9087464037701576,-0.9087464037701576,-0.9087464037701576,-0.9087464037701576,-0.9087464037701576,0,84
-0.9087464037701576,-0.9087464037701576,-0.9087464037701576,-0.9087464037701576,-0.9087464037701576,-0.9087464037701576,-0.9087464037701576,-0.9087464037701576,-0.9087464037701576,-0.9087464037701576,-0.9087464037701576,-0.9087464037701576,-0.9087464037701576,-0.9087464037701576,-0.9087464037701576,-0.9087464037701576,-0.9087464037701576,0,85
-0.9087464037701576,-0.9087464037701576,-0.9087464037701576,-0.9087464037701576,-0.9087464037701576,-0.9087464037701576,-0.9087464037701576,-0.9087464037701576,-0.9087464037701576,-0.9087464037701576,-0.9087464037701576,-0.9087464037701576,-0.9087464037701576,-0.9087464037701576,-0.9087464037701576,-0.9087464037701576,-0.9087464037701576,0,86
-0.9087464037701576,-0.9087464037701576,-0.9087464037701576,-0.9087464037701576,-0.9087464037701576,-0.9087464037701576,-0.9087464037701576,-0.9087464037701576,-0.9087464037701576,-0.9087464037701576,-0.9087464037701576,-0.9087464037701576,-0.9087464037701576,-0.9087464037701576,-0.9087464037701576,-0.9087464037701576,-0.9087464037701576,0,87
-0.9087464037701576,-0.9087464037701576,-0.9087464037701576,-0.9087464037701576,-0.9087464037701576,-0.9087464037701576,-0.9087464037701576,-0.9087464037701576,-0.9087464037701576,-0.9087464037701576,-0.9087464037701576,-0.9087464037701576,-0.9087464037701576,-0.9087464037701576,-0.9087464037701576,-0.9087464037701576,-0.9087464037701576,0,88
-0.9269475811626161,-0.9269475811626161,-0.9269475811626161,-0.9269475811626161,-0.9269475811626161,-0.9269475811626161,-0.9269475811626161,-0.9269475811626161,-0.9269475811626161,-0.9269475811626161,-0.9269475811626161,-0.9269475811626161,-0.9269475811626161,-0.9269475811626161,-0.9269475811626161,-0.9269475811626161,-0.9269475811626161,0,89
-0.9087464037701576,-0.9087464037701576,-0.9087464037701576,-0.9087464037701576,-0.9087464037701576,-0.9087464037701576,-0.9087464037701576,-0.9087464037701576,-0.9087464037701576,-0.9087464037701576,-0.9087464037701576,-0.9087464037701576,-0.9087464037701576,-0.9087464037701576,-0.9087464037701576,-0.9087464037701576,-0.9087464037701576,0,90
-0.9269475811626161,-0.9269475811626161,-0.9269475811626161,-0.9269475811626161,-0.9269475811626161,-0.9269475811626161,-0.9269475811626161,-0.9269475811626161,-0.9269475811626161,-0.9269475811626161,-0.9269475811626161,-0.9269475811626161,-0.9269475811626161,-0.9269475811626161,-0.9269475811626161,-0.9269475811626161,-0.9269475811626161,0,91
-0.9269475811626161,-0.9269475811626161,-0.9269475811626161,-0.9269475811626161,-0.9269475811626161,-0.9269475811626161,-0.9269475811626161,-0.9269475811626161,-0.9269475811626161,-0.9269475811626161,-0.9269475811626161,-0.9269475811626161,-0.9269475811626161,-0.9269475811626161,-0.9269475811626161,-0.9269475811626161,-0.9269475811626161,0,92
-0.9269475811626161,-0.9269475811626161,-0.9269475811626161,-0.9269475811626161,-0.9269475811626161,-0.9269475811626161,-0.9269475811626161,-0.9269475811626161,-0.9269475811626161,-0.9269475811626161,-0.9269475811626161,-0.9269475811626161,-0.9269475811626161,-0.9269475811626161,-0.9269475811626161,-0.9269475811626161,-0.9269475811626161,0,93
-0.9087464037701576,-0.9087464037701576,-0.9087464037701576,-0.9087464037701576,-0.9087464037701576,-0.9087464037701576,-0.9087464037701576,-0.9087464037701576,-0.9087464037701576,-0.9087464037701576,-0.9087464037701576,-0.9087464037701576,-0.9087464037701576,-0.9087464037701576,-0.9087464037701576,-0.9087464037701576,-0.9087464037701576,0,94
-0.9269475811626161,-0.9269475811626161,-0.9269475811626161,-0.9269475811626161,-0.9269475811626161,-0.9269475811626161,-0.9269475811626161,-0.9269475811626161,-0.9269475811626161,-0.9269475811626161,-0.9269475811626161,-0.9269475811626161,-0.9269475811626161,-0.9269475811626161,-0.9269475811626161,-0.9269475811626161,-0.9269475811626161,0,95
-0.9269475811626161,-0.9269475811626161,-0.9269475811626161,-0.9269475811626161,-0.9269475811626161,-0.9269475811626161,-0.9269475811626161,-0.9269475811626161,-0.9269475811626161,-0.9269475811626161,-0.9269475811626161,-0.9269475811626161,-0.9269475811626161,-0.9269475811626161,-0.9269475811626161,-0.9269475811626161,-0.9269475811626161,0,96
-0.9269475811626161,-0.9269475811626161,-0.9269475811626161,-0.9269475811626161,-0.9269475811626161,-0.9269475811626161,-0.9269475811626161,-0.9269475811626161,-0.9269475811626161,-0.9269475811626161,-0.9269475811626161,-0.9269475811626161,-0.9269475811626161,-0.9269475811626161,-0.9269475811626161,-0.9269475811626161,-0.9269475811626161,0,97
-0.9451487585550746,-0.9451487585550746,-0.9451487585550746,-0.9451487585550746,-0.9451487585550746,-0.9451487585550746,-0.9451487585550746,-0.9451487585550746,-0.9451487585550746,-0.9451487585550746,-0.9451487585550746,-0.9451487585550746,-0.9451487585550746,-0.9451487585550746,-0.9451487585550746,-0.9451487585550746,-0.9451487585550746,0,98
-0.9451487585550746,-0.9451487585550746,-0.9451487585550746,-0.9451487585550746,-0.9451487585550746,-0.9451487585550746,-0.9451487585550746,-0.9451487585550746,-0.9451487585550746,-0.9451487585550746,-0.9451487585550746,-0.9451487585550746,-0.9451487585550746,-0.9451487585550746,-0.9451487585550746,-0.9451487585550746,-0.9451487585550746,0,99
-0.9451487585550746,-0.9451487585550746,-0.9451487585550746,-0.9451487585550746,-0.9451487585550746,-0.9451487585550746,-0.9451487585550746,-0.9451487585550746,-0.9451487585550746,-0.9451487585550746,-0.9451487585550746,-0.9451487585550746,-0.9451487585550746,-0.9451487585550746,-0.9451487585550746,-0.9451487585550746,-0.9451487585550746,0,100
-0.9633499359475332,-0.9633499359475332,-0.9633499359475332,-0.9633499359475332,-0.9633499359475332,-0.9633499359475332,-0.9633499359475332,-0.9633499359475332,-0.9633499359475332,-0.9633499359475332,-0.9633499359475332,-0.9633499359475332,-0.9633499359475332,-0.9633499359475332,-0.9633499359475332,-0.9633499359475332,-0.9633499359475332,0,101
-0.9633499359475332,-0.9633499359475332,-0.9633499359475332,-0.9633499359475332,-0.9633499359475332,-0.9633499359475332,-0.9633499359475332,-0.9633499359475332,-0.9633499359475332,-0.9633499359475332,-0.9633499359475332,-0.9633499359475332,-0.9633499359475332,-0.9633499359475332,-0.9633499359475332,-0.9633499359475332,-0.9633499359475332,0,102
-0.9633499359475332,-0.9633499359475332,-0.9633499359475332,-0.9633499359475332,-0.9633499359475332,-0.9633499359475332,-0.9633499359475332,-0.9633499359475332,-0.9633499359475332,-0.9633499359475332,-0.9633499359475332,-0.9633499359475332,-0.9633499359475332,-0.9633499359475332,-0.9633499359475332,-0.9633499359475332,-0.9633499359475332,0,103
-0.9633499359475332,-0.9633499359475332,-0.9633499359475332,-0.9633499359475332,-0.9633499359475332,-0.9633499359475332,-0.9633499359475332,-0.9633499359475332,-0.9633499359475332,-0.9633499359475332,-0.9633499359475332,-0.9633499359475332,-0.9633499359475332,-0.9633499359475332,-0.9633499359475332,-0.9633499359475332,-0.9633499359475332,0,104
-0.9633499359475332,-0.9633499359475332,-0.9633499359475332,-0.9633499359475332,-0.9633499359475332,-0.9633499359475332,-0.9633499359475332,-0.9633499359475332,-0.9633499359475332,-0.9633499359475332,-0.9633499359475332,-0.9633499359475332,-0.9633499359475332,-0.9633499359475332,-0.9633499359475332,-0.9633499359475332,-0.9633499359475332,0,105
-0.9633499359475332,-0.9633499359475332,-0.9633499359475332,-0.9633499359475332,-0.9633499359475332,-0.9633499359475332,-0.9633499359475332,-0.9633499359475332,-0.9633499359475332,-0.9633499359475332,-0.9633499359475332,-0.9633499359475332,-0.9633499359475332,-0.9633499359475332,-0.9633499359475332,-0.9633499359475332,-0.9633499359475332,0,106
-0.9815511133399949,-0.9815511133399949,-0.9815511133399949,-0.9815511133399949,-0.9815511133399949,-0.9815511133399949,-0.9815511133399949,-0.9815511133399949,-0.9815511133399949,-0.9815511133399949,-0.9815511133399949,-0.9815511133399949,-0.9815511133399949,-0.9815511133399949,-0.9815511133399949,-0.9815511133399949,-0.9815511133399949,0,107
-0.9633499359475332,-0.9633499359475332,-0.9633499359475332,-0.9633499359475332,-0.9633499359475332,-0.9633499359475332,-0.9633499359475332,-0.9633499359475332,-0.9633499359475332,-0.9633499359475332,-0.9633499359475332,-0.9633499359475332,-0.9633499359475332,-0.9633499359475332,-0.9633499359475332,-0.9633499359475332,-0.9633499359475332,0,108
-0.9815511133399949,-0.9815511133399949,-0.9815511133399949,-0.9815511133399949,-0.9815511133399949,-0.9815511133399949,-0.9815511133399949,-0.9815511133399949,-0.9815511133399949,-0.9815511133399949,-0.9815511133399949,-0.9815511133399949,-0.9815511133399949,-0.9815511133399949,-0.9815511133399949,-0.9815511133399949,-0.9815511133399949,0,109
-0.9815511133399949,-0.9815511133399949,-0.9815511133399949,-0.9815511133399949,-0.9815511133399949,-0.9815511133399949,-0.9815511133399949,-0.9815511133399949,-0.9815511133399949,-0.9815511133399949,-0.9815511133399949,-0.9815511133399949,-0.9815511133399949,-0.9815511133399949,-0.9815511133399949,-0.9815511133399949,-0.9815511133399949,0,110
-0.9815511133399949,-0.9815511133399949,-0.9815511133399949,-0.9815511133399949,-0.9815511133399949,-0.9815511133399949,-0.9815511133399949,-0.9815511133399949,-0.9815511133399949,-0.9815511133399949,-0.9815511133399949,-0.9815511133399949,-0.9815511133399949,-0.9815511133399949,-0.9815511133399949,-0.9815511133399949,-0.9815511133399949,0,111
-0.9815511133399949,-0.9815511133399949,-0.9815511133399949,-0.9815511133399949,-0.9815511133399949,-0.9815511133399949,-0.9815511133399949,-0.9815511133399949,-0.9815511133399949,-0.9815511133399949,-0.9815511133399949,-0.9815511133399949,-0.9815511133399949,-0.9815511133399949,-0.9815511133399949,-0.9815511133399949,-0.9815511133399949,0,112
-0.9815511133399949,-0.9815511133399949,-0.9815511133399949,-0.9815511133399949,-0.9815511133399949,-0.9815511133399949,-0.9815511133399949,-0.9815511133399949,-0.9815511133399949,-0.9815511133399949,-0.9815511133399949,-0.9815511133399949,-0.9815511133399949,-0.9815511133399949,-0.9815511133399949,-0.9815511133399949,-0.9815511133399949,0,113
-0.9815511133399949,-0.9815511133399949,-0.9815511133399949,-0.9815511133399949,-0.9815511133399949,-0.9815511133399949,-0.9815511133399949,-0.9815511133399949,-0.9815511133399949,-0.9815511133399949,-0.9815511133399949,-0.9815511133399949,-0.9815511133399949,-0.9815511133399949,-0.9815511133399949,-0.9815511133399949,-0.9815511133399949,0,114
-0.9815511133399949,-0.9815511133399949,-0.9815511133399949,-0.9815511133399949,-0.9815511133399949,-0.9815511133399949,-0.9815511133399949,-0.9815511133399949,-0.9815511133399949,-0.9815511133399949,-0.9815511133399949,-0.9815511133399949,-0.9815511133399949,-0.9815511133399949,-0.9815511133399949,-0.9815511133399949,-0.9815511133399949,0,115
-0.9997522907324534,-0.9997522907324534,-0.9997522907324534,-0.9997522907324534,-0.9997522907324534,-0.9997522907324534,-0.9997522907324534,-0.9997522907324534,-0.9997522907324534,-0.9997522907324534,-0.9997522907324534,-0.9997522907324534,-0.9997522907324534,-0.9997522907324534,-0.9997522907324534,-0.9997522907324534,-0.9997522907324534,0,116
-0.9997522907324534,-0.9997522907324534,-0.9997522907324534,-0.9997522907324534,-0.9997522907324534,-0.9997522907324534,-0.9997522907324534,-0.9997522907324534,-0.9997522907324534,-0.9997522907324534,-0.9997522907324534,-0.9997522907324534,-0.9997522907324534,-0.9997522907324534,-0.9997522907324534,-0.9997522907324534,-0.9997522907324534,0,117
-0.9997522907324534,-0.9997522907324534,-0.9997522907324534,-0.9997522907324534,-0.9997522907324534,-0.9997522907324534,-0.9997522907324534,-0.9997522907324534,-0.9997522907324534,-0.9997522907324534,-0.9997522907324534,-0.9997522907324534,-0.9997522907324534,-0.9997522907324534,-0.9997522907324534,-0.9997522907324534,-0.9997522907324534,0,118
-0.9997522907324534,-0.9997522907324534,-0.9997522907324534,-0.9997522907324534,-0.9997522907324534,-0.9997522907324534,-0.9997522907324534,-0.9997522907324534,-0.9997522907324534,-0.9997522907324534,-0.9997522907324534,-0.9997522907324534,-0.9997522907324534,-0.9997522907324534,-0.9997522907324534,-0.9997522907324534,-0.9997522907324534,0,119
-0.9997522907324534,-0.9997522907324534,-0.9997522907324534,-0.9997522907324534,-0.9997522907324534,-0.9997522907324534,-0.9997522907324534,-0.9997522907324534,-0.9997522907324534,-0.9997522907324534,-0.9997522907324534,-0.9997522907324534,-0.9997522907324534,-0.9997522907324534,-0.9997522907324534,-0.9997522907324534,-0.9997522907324534,0,120
-0.9997522907324534,-0.9997522907324534,-0.9997522907324534,-0.9997522907324534,-0.9997522907324534,-0.9997522907324534,-0.9997522907324534,-0.9997522907324534,-0.9997522907324534,-0.9997522907324534,-0.9997522907324534,-0.9997522907324534,-0.9997522907324534,-0.9997522907324534,-0.9997522907324534,-0.9997522907324534,-0.9997522907324534,0,121
-0.9997522907324534,-0.9997522907324534,-0.9997522907324534,-0.9997522907324534,-0.9997522907324534,-0.9997522907324534,-0.9997522907324534,-0.9997522907324534,-0.9997522907324534,-0.9997522907324534,-0.9997522907324534,-0.9997522907324534,-0.9997522907324534,-0.9997522907324534,-0.9997522907324534,-0.9997522907324534,-0.9997522907324534,0,122
-1.017953468124912,-1.017953468124912,-1.017953468124912,-1.017953468124912,-1.017953468124912,-1.017953468124912,-1.017953468124912,-1.017953468124912,-1.017953468124912,-1.017953468124912,-1.017953468124912,-1.017953468124912,-1.017953468124912,-1.017953468124912,-1.017953468124912,-1.017953468124912,-1.017953468124912,0,123
-1.017953468124912,-1.017953468124912,-1.017953468124912,-1.017953468124912,-1.017953468124912,-1.017953468124912,-1.017953468124912,-1.017953468124912,-1.017953468124912,-1.017953468124912,-1.017953468124912,-1.017953468124912,-1.017953468124912,-1.017953468124912,-1.017953468124912,-1.017953468124912,-1.017953468124912,0,124
-0.9997522907324534,-0.9997522907324534,-0.9997522907324534,-0.9997522907324534,-0.9997522907324534,-0.9997522907324534,-0.9997522907324534,-0.9997522907324534,-0.9997522907324534,-0.9997522907324534,-0.9997522907324534,-0.9997522907324534,-0.9997522907324534,-0.9997522907324534,-0.9997522907324534,-0.9997522907324534,-0.9997522907324534,0,125
-1.017953468124912,-1.017953468124912,-1.017953468124912,-1.017953468124912,-1.017953468124912,-1.017953468124912,-1.017953468124912,-1.017953468124912,-1.017953468124912,-1.017953468124912,-1.017953468124912,-1.017953468124912,-1.017953468124912,-1.017953468124912,-1.017953468124912,-1.017953468124912,-1.017953468124912,0,126
-1.017953468124912,-1.017953468124912,-1.017953468124912,-1.017953468124912,-1.017953468124912,-1.017953468124912,-1.017953468124912,-1.017953468124912,-1.017953468124912,-1.017953468124912,-1.017953468124912,-1.017953468124912,-1.017953468124912,-1.017953468124912,-1.017953468124912,-1.017953468124912,-1.017953468124912,0,127
-1.017953468124912,-1.017953468124912,-1.017953468124912,-1.017953468124912,-1.017953468124912,-1.017953468124912,-1.017953468124912,-1.017953468124912,-1.017953468124912,-1.017953468124912,-1.017953468124912,-1.017953468124912,-1.017953468124912,-1.017953468124912,-1.017953468124912,-1.017953468124912,-1.017953468124912,0,128
-1.017953468124912,-1.017953468124912,-1.017953468124912,-1.017953468124912,-1.017953468124912,-1.017953468124912,-1.017953468124912,-1.017953468124912,-1.017953468124912,-1.017953468124912,-1.017953468124912,-1.017953468124912,-1.017953468124912,-1.017953468124912,-1.017953468124912,-1.017953468124912,-1.017953468124912,0,129
-0.9997522907324534,-0.9997522907324534,-0.9997522907324534,-0.9997522907324534,-0.9997522907324534,-0.9997522907324534,-0.9997522907324534,-0.9997522907324534,-0.9997522907324534,-0.9997522907324534,-0.9997522907324534,-0.9997522907324534,-0.9997522907324534,-0.9997522907324534,-0.9997522907324534,-0.9997522907324534,-0.9997522907324534,0,130
-0.9997522907324534,-0.9997522907324534,-0.9997522907324534,-0.9997522907324534,-0.9997522907324534,-0.9997522907324534,-0.9997522907324534,-0.9997522907324534,-0.9997522907324534,-0.9997522907324534,-0.9997522907324534,-0.9997522907324534,-0.9997522907324534,-0.9997522907324534,-0.9997522907324534,-0.9997522907324534,-0.9997522907324534,0,131
-1.017953468124912,-1.017953468124912,-1.017953468124912,-1.017953468124912,-1.017953468124912,-1.017953468124912,-1.017953468124912,-1.017953468124912,-1.017953468124912,-1.017953468124912,-1.017953468124912,-1.017953468124912,-1.017953468124912,-1.017953468124912,-1.017953468124912,-1.017953468124912,-1.017953468124912,0,132
-1.017953468124912,-1.017953468124912,-1.017953468124912,-1.017953468124912,-1.017953468124912,-1.017953468124912,-1.017953468124912,-1.017953468124912,-1.017953468124912,-1.017953468124912,-1.017953468124912,-1.017953468124912,-1.017953468124912,-1.017953468124912,-1.017953468124912,-1.017953468124912,-1.017953468124912,0,133
-1.017953468124912,-1.017953468124912,-1.017953468124912,-1.017953468124912,-1.017953468124912,-1.017953468124912,-1.017953468124912,-1.017953468124912,-1.017953468124912,-1.017953468124912,-1.017953468124912,-1.017953468124912,-1.017953468124912,-1.017953468124912,-1.017953468124912,-1.017953468124912,-1.017953468124912,0,134
-1.017953468124912,-1.017953468124912,-1.017953468124912,-1.017953468124912,-1.017953468124912,-1.017953468124912,-1.017953468124912,-1.017953468124912,-1.017953468124912,-1.017953468124912,-1.017953468124912,-1.017953468124912,-1.017953468124912,-1.017953468124912,-1.017953468124912,-1.017953468124912,-1.017953468124912,0,135
-1.017953468124912,-1.017953468124912,-1.017953468124912,-1.017953468124912,-1.017953468124912,-1.017953468124912,-1.017953468124912,-1.017953468124912,-1.017953468124912,-1.017953468124912,-1.017953468124912,-1.017953468124912,-1.017953468124912,-1.017953468124912,-1.017953468124912,-1.017953468124912,-1.017953468124912,0,136
-1.017953468124912,-1.017953468124912,-1.017953468124912,-1.017953468124912,-1.017953468124912,-1.017953468124912,-1.017953468124912,-1.017953468124912,-1.017953468124912,-1.017953468124912,-1.017953468124912,-1.017953468124912,-1.017953468124912,-1.017953468124912,-1.017953468124912,-1.017953468124912,-1.017953468124912,0,137
-1.017953468124912,-1.017953468124912,-1.017953468124912,-1.017953468124912,-1.017953468124912,-1.017953468124912,-1.017953468124912,-1.017953468124912,-1.017953468124912,-1.017953468124912,-1.017953468124912,-1.017953468124912,-1.017953468124912,-1.017953468124912,-1.017953468124912,-1.017953468124912,-1.017953468124912,0,138
-1.017953468124912,-1.017953468124912,-1.017953468124912,-1.017953468124912,-1.017953468124912,-1.017953468124912,-1.017953468124912,-1.017953468124912,-1.017953468124912,-1.017953468124912,-1.017953468124912,-1.017953468124912,-1.017953468124912,-1.017953468124912,-1.017953468124912,-1.017953468124912,-1.017953468124912,0,139
-1.017953468124912,-1.017953468124912,-1.017953468124912,-1.017953468124912,-1.017953468124912,-1.017953468124912,-1.017953468124912,-1.017953468124912,-1.017953468124912,-1.017953468124912,-1.017953468124912,-1.017953468124912,-1.017953468124912,-1.017953468124912,-1.017953468124912,-1.017953468124912,-1.017953468124912,0,140
-1.017953468124912,-1.017953468124912,-1.017953468124912,-1.017953468124912,-1.017953468124912,-1.017953468124912,-1.017953468124912,-1.017953468124912,-1.017953468124912,-1.017953468124912,-1.017953468124912,-1.017953468124912,-1.017953468124912,-1.017953468124912,-1.017953468124912,-1.017953468124912,-1.017953468124912,0,141
-1.017953468124912,-1.017953468124912,-1.017953468124912,-1.017953468124912,-1.017953468124912,-1.017953468124912,-1.017953468124912,-1.017953468124912,-1.017953468124912,-1.017953468124912,-1.017953468124912,-1.017953468124912,-1.017953468124912,-1.017953468124912,-1.017953468124912,-1.017953468124912,-1.017953468124912,0,142
-1.017953468124912,-1.017953468124912,-1.017953468124912,-1.017953468124912,-1.017953468124912,-1.017953468124912,-1.017953468124912,-1.017953468124912,-1.017953468124912,-1.017953468124912,-1.017953468124912,-1.017953468124912,-1.017953468124912,-1.017953468124912,-1.017953468124912,-1.017953468124912,-1.017953468124912,0,143
-1.017953468124912,-1.017953468124912,-1.017953468124912,-1.017953468124912,-1.017953468124912,-1.017953468124912,-1.017953468124912,-1.017953468124912,-1.017953468124912,-1.017953468124912,-1.017953468124912,-1.017953468124912,-1.017953468124912,-1.017953468124912,-1.017953468124912,-1.017953468124912,-1.017953468124912,0,144
-1.017953468124912,-1.017953468124912,-1.017953468124912,-1.017953468124912,-1.017953468124912,-1.017953468124912,-1.017953468124912,-1.017953468124912,-1.017953468124912,-1.017953468124912,-1.017953468124912,-1.017953468124912,-1.017953468124912,-1.017953468124912,-1.017953468124912,-1.017953468124912,-1.017953468124912,0,145
-1.017953468124912,-1.017953468124912,-1.017953468124912,-1.017953468124912,-1.017953468124912,-1.017953468124912,-1.017953468124912,-1.017953468124912,-1.017953468124912,-1.017953468124912,-1.017953468124912,-1.017953468124912,-1.017953468124912,-1.017953468124912,-1.017953468124912,-1.017953468124912,-1.017953468124912,0,146
-1.0361546455173705,-1.0361546455173705,-1.0361546455173705,-1.0361546455173705,-1.0361546455173705,-1.0361546455173705,-1.0361546455173705,-1.0361546455173705,-1.0361546455173705,-1.0361546455173705,-1.0361546455173705,-1.0361546455173705,-1.0361546455173705,-1.0361546455173705,-1.0361546455173705,-1.0361546455173705,-1.0361546455173705,0,147
-1.0361546455173705,-1.0361546455173705,-1.0361546455173705,-1.0361546455173705,-1.0361546455173705,-1.0361546455173705,-1.0361546455173705,-1.0361546455173705,-1.0361546455173705,-1.0361546455173705,-1.0361546455173705,-1.0361546455173705,-1.0361546455173705,-1.0361546455173705,-1.0361546455173705,-1.0361546455173705,-1.0361546455173705,0,148
-1.0361546455173705,-1.0361546455173705,-1.0361546455173705,-1.0361546455173705,-1.0361546455173705,-1.0361546455173705,-1.0361546455173705,-1.0361546455173705,-1.0361546455173705,-1.0361546455173705,-1.0361546455173705,-1.0361546455173705,-1.0361546455173705,-1.0361546455173705,-1.0361546455173705,-1.0361546455173705,-1.0361546455173705,0,149
-1.0361546455173705,-1.0361546455173705,-1.0361546455173705,-1.0361546455173705,-1.0361546455173705,-1.0361546455173705,-1.0361546455173705,-1.0361546455173705,-1.0361546455173705,-1.0361546455173705,-1.0361546455173705,-1.0361546455173705,-1.0361546455173705,-1.0361546455173705,-1.0361546455173705,-1.0361546455173705,-1.0361546455173705,0,150
-1.0361546455173705,-1.0361546455173705,-1.0361546455173705,-1.0361546455173705,-1.0361546455173705,-1.0361546455173705,-1.0361546455173705,-1.0361546455173705,-1.0361546455173705,-1.0361546455173705,-1.0361546455173705,-1.0361546455173705,-1.0361546455173705,-1.0361546455173705,-1.0361546455173705,-1.0361546455173705,-1.0361546455173705,0,151
-1.0361546455173705,-1.0361546455173705,-1.0361546455173705,-1.0361546455173705,-1.0361546455173705,-1.0361546455173705,-1.0361546455173705,-1.0361546455173705,-1.0361546455173705,-1.0361546455173705,-1.0361546455173705,-1.0361546455173705,-1.0361546455173705,-1.0361546455173705,-1.0361546455173705,-1.0361546455173705,-1.0361546455173705,0,152
-1.0361546455173705,-1.0361546455173705,-1.0361546455173705,-1.0361546455173705,-1.0361546455173705,-1.0361546455173705,-1.0361546455173705,-1.0361546455173705,-1.0361546455173705,-1.0361546455173705,-1.0361546455173705,-1.0361546455173705,-1.0361546455173705,-1.0361546455173705,-1.0361546455173705,-1.0361546455173705,-1.0361546455173705,0,153
-1.0361546455173705,-1.0361546455173705,-1.0361546455173705,-1.0361546455173705,-1.0361546455173705,-1.0361546455173705,-1.0361546455173705,-1.0361546455173705,-1.0361546455173705,-1.0361546455173705,-1.0361546455173705,-1.0361546455173705,-1.0361546455173705,-1.0361546455173705,-1.0361546455173705,-1.0361546455173705,-1.0361546455173705,0,154
-1.0361546455173705,-1.0361546455173705,-1.0361546455173705,-1.0361546455173705,-1.0361546455173705,-1.0361546455173705,-1.0361546455173705,-1.0361546455173705,-1.0361546455173705,-1.0361546455173705,-1.0361546455173705,-1.0361546455173705,-1.0361546455173705,-1.0361546455173705,-1.0361546455173705,-1.0361546455173705,-1.0361546455173705,0,155
-1.0361546455173705,-1.0361546455173705,-1.0361546455173705,-1.0361546455173705,-1.0361546455173705,-1.0361546455173705,-1.0361546455173705,-1.0361546455173705,-1.0361546455173705,-1.0361546455173705,-1.0361546455173705,-1.0361546455173705,-1.0361546455173705,-1.0361546455173705,-1.0361546455173705,-1.0361546455173705,-1.0361546455173705,0,156
-1.0361546455173705,-1.0361546455173705,-1.0361546455173705,-1.0361546455173705,-1.0361546455173705,-1.0361546455173705,-1.0361546455173705,-1.0361546455173705,-1.0361546455173705,-1.0361546455173705,-1.0361546455173705,-1.0361546455173705,-1.0361546455173705,-1.0361546455173705,-1.0361546455173705,-1.0361546455173705,-1.0361546455173705,0,157
-1.054355822909829,-1.054355822909829,-1.054355822909829,-1.054355822909829,-1.054355822909829,-1.054355822909829,-1.054355822909829,-1.054355822909829,-1.054355822909829,-1.054355822909829,-1.054355822909829,-1.054355822909829,-1.054355822909829,-1.054355822909829,-1.054355822909829,-1.054355822909829,-1.054355822909829,0,158
-1.0361546455173705,-1.0361546455173705,-1.0361546455173705,-1.0361546455173705,-1.0361546455173705,-1.0361546455173705,-1.0361546455173705,-1.0361546455173705,-1.0361546455173705,-1.0361546455173705,-1.0361546455173705,-1.0361546455173705,-1.0361546455173705,-1.0361546455173705,-1.0361546455173705,-1.0361546455173705,-1.0361546455173705,0,159
-1.054355822909829,-1.054355822909829,-1.054355822909829,-1.054355822909829,-1.054355822909829,-1.054355822909829,-1.054355822909829,-1.054355822909829,-1.054355822909829,-1.054355822909829,-1.054355822909829,-1.054355822909829,-1.054355822909829,-1.054355822909829,-1.054355822909829,-1.054355822909829,-1.054355822909829,0,160
-1.054355822909829,-1.054355822909829,-1.054355822909829,-1.054355822909829,-1.054355822909829,-1.054355822909829,-1.054355822909829,-1.054355822909829,-1.054355822909829,-1.054355822909829,-1.054355822909829,-1.054355822909829,-1.054355822909829,-1.054355822909829,-1.054355822909829,-1.054355822909829,-1.054355822909829,0,161
-1.054355822909829,-1.054355822909829,-1.054355822909829,-1.054355822909829,-1.054355822909829,-1.054355822909829,-1.054355822909829,-1.054355822909829,-1.054355822909829,-1.054355822909829,-1.054355822909829,-1.054355822909829,-1.054355822909829,-1.054355822909829,-1.054355822909829,-1.054355822909829,-1.054355822909829,0,162
-1.054355822909829,-1.054355822909829,-1.054355822909829,-1.054355822909829,-1.054355822909829,-1.054355822909829,-1.054355822909829,-1.054355822909829,-1.054355822909829,-1.054355822909829,-1.054355822909829,-1.054355822909829,-1.054355822909829,-1.054355822909829,-1.054355822909829,-1.054355822909829,-1.054355822909829,0,163
-1.054355822909829,-1.054355822909829,-1.054355822909829,-1.054355822909829,-1.054355822909829,-1.054355822909829,-1.054355822909829,-1.054355822909829,-1.054355822909829,-1.054355822909829,-1.054355822909829,-1.054355822909829,-1.054355822909829,-1.054355822909829,-1.054355822909829,-1.054355822909829,-1.054355822909829,0,164
-1.054355822909829,-1.054355822909829,-1.054355822909829,-1.054355822909829,-1.054355822909829,-1.054355822909829,-1.054355822909829,-1.054355822909829,-1.054355822909829,-1.054355822909829,-1.054355822909829,-1.054355822909829,-1.054355822909829,-1.054355822909829,-1.054355822909829,-1.054355822909829,-1.054355822909829,0,165
-1.054355822909829,-1.054355822909829,-1.054355822909829,-1.054355822909829,-1.054355822909829,-1.054355822909829,-1.054355822909829,-1.054355822909829,-1.054355822909829,-1.054355822909829,-1.054355822909829,-1.054355822909829,-1.054355822909829,-1.054355822909829,-1.054355822909829,-1.054355822909829,-1.054355822909829,0,166
-1.054355822909829,-1.054355822909829,-1.054355822909829,-1.054355822909829,-1.054355822909829,-1.054355822909829,-1.054355822909829,-1.054355822909829,-1.054355822909829,-1.054355822909829,-1.054355822909829,-1.054355822909829,-1.054355822909829,-1.054355822909829,-1.054355822909829,-1.054355822909829,-1.054355822909829,0,167
-1.054355822909829,-1.054355822909829,-1.054355822909829,-1.054355822909829,-1.054355822909829,-1.054355822909829,-1.054355822909829,-1.054355822909829,-1.054355822909829,-1.054355822909829,-1.054355822909829,-1.054355822909829,-1.054355822909829,-1.054355822909829,-1.054355822909829,-1.054355822909829,-1.054355822909829,0,168
-1.054355822909829,-1.054355822909829,-1.054355822909829,-1.054355822909829,-1.054355822909829,-1.054355822909829,-1.054355822909829,-1.054355822909829,-1.054355822909829,-1.054355822909829,-1.054355822909829,-1.054355822909829,-1.054355822909829,-1.054355822909829,-1.054355822909829,-1.054355822909829,-1.054355822909829,0,169
-1.054355822909829,-1.054355822909829,-1.054355822909829,-1.054355822909829,-1.054355822909829,-1.054355822909829,-1.054355822909829,-1.054355822909829,-1.054355822909829,-1.054355822909829,-1.054355822909829,-1.054355822909829,-1.054355822909829,-1.054355822909829,-1.054355822909829,-1.054355822909829,-1.054355822909829,0,170
-1.054355822909829,-1.054355822909829,-1.054355822909829,-1.054355822909829,-1.054355822909829,-1.054355822909829,-1.054355822909829,-1.054355822909829,-1.054355822909829,-1.054355822909829,-1.054355822909829,-1.054355822909829,-1.054355822909829,-1.054355822909829,-1.054355822909829,-1.054355822909829,-1.054355822909829,0,171
-1.054355822909829,-1.054355822909829,-1.054355822909829,-1.054355822909829,-1.054355822909829,-1.054355822909829,-1.054355822909829,-1.054355822909829,-1.054355822909829,-1.054355822909829,-1.054355822909829,-1.054355822909829,-1.054355822909829,-1.054355822909829,-1.054355822909829,-1.054355822909829,-1.054355822909829,0,172
-1.054355822909829,-1.054355822909829,-1.054355822909829,-1.054355822909829,-1.054355822909829,-1.054355822909829,-1.054355822909829,-1.054355822909829,-1.054355822909829,-1.054355822909829,-1.054355822909829,-1.054355822909829,-1.054355822909829,-1.054355822909829,-1.054355822909829,-1.054355822909829,-1.054355822909829,0,173
-1.054355822909829,-1.054355822909829,-1.054355822909829,-1.054355822909829,-1.054355822909829,-1.054355822909829,-1.054355822909829,-1.054355822909829,-1.054355822909829,-1.054355822909829,-1.054355822909829,-1.054355822909829,-1.054355822909829,-1.054355822909829,-1.054355822909829,-1.054355822909829,-1.054355822909829,0,174
-1.0725570003022875,-1.0725570003022875,-1.0725570003022875,-1.0725570003022875,-1.0725570003022875,-1.0725570003022875,-1.0725570003022875,-1.0725570003022875,-1.0725570003022875,-1.0725570003022875,-1.0725570003022875,-1.0725570003022875,-1.0725570003022875,-1.0725570003022875,-1.0725570003022875,-1.0725570003022875,-1.0725570003022875,0,175
-1.0725570003022875,-1.0725570003022875,-1.0725570003022875,-1.0725570003022875,-1.0725570003022875,-1.0725570003022875,-1.0725570003022875,-1.0725570003022875,-1.0725570003022875,-1.0725570003022875,-1.0725570003022875,-1.0725570003022875,-1.0725570003022875,-1.0725570003022875,-1.0725570003022875,-1.0725570003022875,-1.0725570003022875,0,176
-1.0725570003022875,-1.0725570003022875,-1.0725570003022875,-1.0725570003022875,-1.0725570003022875,-1.0725570003022875,-1.0725570003022875,-1.0725570003022875,-1.0725570003022875,-1.0725570003022875,-1.0725570003022875,-1.0725570003022875,-1.0725570003022875,-1.0725570003022875,-1.0725570003022875,-1.0725570003022875,-1.0725570003022875,0,177
-1.0725570003022875,-1.0725570003022875,-1.0725570003022875,-1.0725570003022875,-1.0725570003022875,-1.0725570003022875,-1.0725570003022875,-1.0725570003022875,-1.0725570003022875,-1.0725570003022875,-1.0725570003022875,-1.0725570003022875,-1.0725570003022875,-1.0725570003022875,-1.0725570003022875,-1.0725570003022875,-1.0725570003022875,0,178
-1.0725570003022875,-1.0725570003022875,-1.0725570003022875,-1.0725570003022875,-1.0725570003022875,-1.0725570003022875,-1.0725570003022875,-1.0725570003022875,-1.0725570003022875,-1.0725570003022875,-1.0725570003022875,-1.0725570003022875,-1.0725570003022875,-1.0725570003022875,-1.0725570003022875,-1.0725570003022875,-1.0725570003022875,0,179
-1.0725570003022875,-1.0725570003022875,-1.0725570003022875,-1.0725570003022875,-1.0725570003022875,-1.0725570003022875,-1.0725570003022875,-1.0725570003022875,-1.0725570003022875,-1.0725570003022875,-1.0725570003022875,-1.0725570003022875,-1.0725570003022875,-1.0725570003022875,-1.0725570003022875,-1.0725570003022875,-1.0725570003022875,0,180
-1.0725570003022875,-1.0725570003022875,-1.0725570003022875,-1.0725570003022875,-1.0725570003022875,-1.0725570003022875,-1.0725570003022875,-1.0725570003022875,-1.0725570003022875,-1.0725570003022875,-1.0725570003022875,-1.0725570003022875,-1.0725570003022875,-1.0725570003022875,-1.0725570003022875,-1.0725570003022875,-1.0725570003022875,0,181
-1.0725570003022875,-1.0725570003022875,-1.0725570003022875,-1.0725570003022875,-1.0725570003022875,-1.0725570003022875,-1.0725570003022875,-1.0725570003022875,-1.0725570003022875,-1.0725570003022875,-1.0725570003022875,-1.0725570003022875,-1.0725570003022875,-1.0725570003022875,-1.0725570003022875,-1.0725570003022875,-1.0725570003022875,0,182
-1.0907581776947461,-1.0907581776947461,-1.0907581776947461,-1.0907581776947461,-1.0907581776947461,-1.0907581776947461,-1.0907581776947461,-1.0907581776947461,-1.0907581776947461,-1.0907581776947461,-1.0907581776947461,-1.0907581776947461,-1.0907581776947461,-1.0907581776947461,-1.0907581776947461,-1.0907581776947461,-1.0907581776947461,0,183
-1.0907581776947461,-1.0907581776947461,-1.0907581776947461,-1.0907581776947461,-1.0907581776947461,-1.0907581776947461,-1.0907581776947461,-1.0907581776947461,-1.0907581776947461,-1.0907581776947461,-1.0907581776947461,-1.0907581776947461,-1.0907581776947461,-1.0907581776947461,-1.0907581776947461,-1.0907581776947461,-1.0907581776947461,0,184
-1.0907581776947461,-1.0907581776947461,-1.0907581776947461,-1.0907581776947461,-1.0907581776947461,-1.0907581776947461,-1.0907581776947461,-1.0907581776947461,-1.0907581776947461,-1.0907581776947461,-1.0907581776947461,-1.0907581776947461,-1.0907581776947461,-1.0907581776947461,-1.0907581776947461,-1.0907581776947461,-1.0907581776947461,0,185
-1.0907581776947461,-1.0907581776947461,-1.0907581776947461,-1.0907581776947461,-1.0907581776947461,-1.0907581776947461,-1.0907581776947461,-1.0907581776947461,-1.0907581776947461,-1.0907581776947461,-1.0907581776947461,-1.0907581776947461,-1.0907581776947461,-1.0907581776947461,-1.0907581776947461,-1.0907581776947461,-1.0907581776947461,0,186
-1.0725570003022875,-1.0725570003022875,-1.0725570003022875,-1.0725570003022875,-1.0725570003022875,-1.0725570003022875,-1.0725570003022875,-1.0725570003022875,-1.0725570003022875,-1.0725570003022875,-1.0725570003022875,-1.0725570003022875,-1.0725570003022875,-1.0725570003022875,-1.0725570003022875,-1.0725570003022875,-1.0725570003022875,0,187
-1.0725570003022875,-1.0725570003022875,-1.0725570003022875,-1.0725570003022875,-1.0725570003022875,-1.0725570003022875,-1.0725570003022875,-1.0725570003022875,-1.0725570003022875,-1.0725570003022875,-1.0725570003022875,-1.0725570003022875,-1.0725570003022875,-1.0725570003022875,-1.0725570003022875,-1.0725570003022875,-1.0725570003022875,0,188
-1.0725570003022875,-1.0725570003022875,-1.0725570003022875,-1.0725570003022875,-1.0725570003022875,-1.0725570003022875,-1.0725570003022875,-1.0725570003022875,-1.0725570003022875,-1.0725570003022875,-1.0725570003022875,-1.0725570003022875,-1.0725570003022875,-1.0725570003022875,-1.0725570003022875,-1.0725570003022875,-1.0725570003022875,0,189
-1.0725570003022875,-1.0725570003022875,-1.0725570003022875,-1.0725570003022875,-1.0725570003022875,-1.0725570003022875,-1.0725570003022875,-1.0725570003022875,-1.0725570003022875,-1.0725570003022875,-1.0725570003022875,-1.0725570003022875,-1.0725570003022875,-1.0725570003022875,-1.0725570003022875,-1.0725570003022875,-1.0725570003022875,0,190
-1.0725570003022875,-1.0725570003022875,-1.0725570003022875,-1.0725570003022875,-1.0725570003022875,-1.0725570003022875,-1.0725570003022875,-1.0725570003022875,-1.0725570003022875,-1.0725570003022875,-1.0725570003022875,-1.0725570003022875,-1.0725570003022875,-1.0725570003022875,-1.0725570003022875,-1.0725570003022875,-1.0725570003022875,0,191
-1.0725570003022875,-1.0725570003022875,-1.0725570003022875,-1.0725570003022875,-1.0725570003022875,-1.0725570003022875,-1.0725570003022875,-1.0725570003022875,-1.0725570003022875,-1.0725570003022875,-1.0725570003022875,-1.0725570003022875,-1.0725570003022875,-1.0725570003022875,-1.0725570003022875,-1.0725570003022875,-1.0725570003022875,0,192
-1.0907581776947461,-1.0907581776947461,-1.0907581776947461,-1.0907581776947461,-1.0907581776947461,-1.0907581776947461,-1.0907581776947461,-1.0907581776947461,-1.0907581776947461,-1.0907581776947461,-1.0907581776947461,-1.0907581776947461,-1.0907581776947461,-1.0907581776947461,-1.0907581776947461,-1.0907581776947461,-1.0907581776947461,0,193
-1.0907581776947461,-1.0907581776947461,-1.0907581776947461,-1.0907581776947461,-1.0907581776947461,-1.0907581776947461,-1.0907581776947461,-1.0907581776947461,-1.0907581776947461,-1.0907581776947461,-1.0907581776947461,-1.0907581776947461,-1.0907581776947461,-1.0907581776947461,-1.0907581776947461,-1.0907581776947461,-1.0907581776947461,0,194
-1.0907581776947461,-1.0907581776947461,-1.0907581776947461,-1.0907581776947461,-1.0907581776947461,-1.0907581776947461,-1.0907581776947461,-1.0907581776947461,-1.0907581776947461,-1.0907581776947461,-1.0907581776947461,-1.0907581776947461,-1.0907581776947461,-1.0907581776947461,-1.0907581776947461,-1.0907581776947461,-1.0907581776947461,0,195
-1.0907581776947461,-1.0907581776947461,-1.0907581776947461,-1.0907581776947461,-1.0907581776947461,-1.0907581776947461,-1.0907581776947461,-1.0907581776947461,-1.0907581776947461,-1.0907581776947461,-1.0907581776947461,-1.0907581776947461,-1.0907581776947461,-1.0907581776947461,-1.0907581776947461,-1.0907581776947461,-1.0907581776947461,0,196
-1.0907581776947461,-1.0907581776947461,-1.0907581776947461,-1.0907581776947461,-1.0907581776947461,-1.0907581776947461,-1.0907581776947461,-1.0907581776947461,-1.0907581776947461,-1.0907581776947461,-1.0907581776947461,-1.0907581776947461,-1.0907581776947461,-1.0907581776947461,-1.0907581776947461,-1.0907581776947461,-1.0907581776947461,0,197
-1.0907581776947461,-1.0907581776947461,-1.0907581776947461,-1.0907581776947461,-1.0907581776947461,-1.0907581776947461,-1.0907581776947461,-1.0907581776947461,-1.0907581776947461,-1.0907581776947461,-1.0907581776947461,-1.0907581776947461,-1.0907581776947461,-1.0907581776947461,-1.0907581776947461,-1.0907581776947461,-1.0907581776947461,0,198
-1.0907581776947461,-1.0907581776947461,-1.0907581776947461,-1.0907581776947461,-1.0907581776947461,-1.0907581776947461,-1.0907581776947461,-1.0907581776947461,-1.0907581776947461,-1.0907581776947461,-1.0907581776947461,-1.0907581776947461,-1.0907581776947461,-1.0907581776947461,-1.0907581776947461,-1.0907581776947461,-1.0907581776947461,0,199
